{
  "intents": [
    {
      "tag": "location",
      "patterns": [
        "Where is DINE 24 located?",
        "Can you tell me the address?",
        "Where can I find the restaurant?"
      ],
      "responses": [
        "DINE 24 is located in Gachibowli, Hyderabad, India."
      ]
    },
    {
      "tag": "contact_number",
      "patterns": [
        "What is the contact number for DINE 24?",
        "Can I get the phone number?",
        "What's the restaurant's contact number?"
      ],
      "responses": [
        "You can reach us at +1 123 456 7890."
      
      ]
    },
    {
      "tag": "email",
      "patterns": [
        "What's the email to book a table?",
        "Can I have the booking email?",
        "What's your email address for reservations?"
      ],
      "responses": [
        "You can email us at booking@restaurant.com."
      ]
    },
    {
      "tag": "opening_hours",
      "patterns": [
        "What time do you open?",
        "When does the restaurant open?",
        "What are your working hours?"
      ],
      "responses": [
        "We are open daily from 8:00 AM to 10:00 PM."
      ]
    },
    {
      "tag": "special_dish",
      "patterns": [
        "What’s today’s special?",
        "What’s the special dish today?",
        "Can you tell me about today's special?"
      ],
      "responses": [
        "Today’s special is Chicken Biryani, priced at ₹200. It’s a flavorful and aromatic dish."
      ]
    },
    {
      "tag": "menu",
      "patterns": [
        "What’s on the menu?",
        "Can I see your menu?",
        "What dishes do you serve?"
      ],
      "responses": [
        "We offer a variety of delicious dishes including Mutton Biryani, Kodi Pulav, Butternut Pumpkin Sweet, Mango Juices, and Opu Fish. Check out the full menu on our website!"
      ]
    },
    {
      "tag": "mutton_biryani_details",
      "patterns": [
        "Tell me more about the Mutton Biryani.",
        "What’s in the Mutton Biryani?",
        "Give me details on the Mutton Biryani."
      ],
      "responses": [
        "Our Mutton Biryani is made with special rice from House, cooked to perfection with seasonal spices. It costs ₹500.50."
      ]
    },
    {
      "tag": "winter_specials",
      "patterns": [
        "Do you have any winter specials?",
        "Are there special timings for winter dishes?",
        "When can I try your winter specials?"
      ],
      "responses": [
        "Yes, we serve winter specials daily from 7:00 PM to 9:00 PM."
      ]
    },
    {
      "tag": "reservation",
      "patterns": [
        "Can I book a table for tonight?",
        "I would like to make a reservation.",
        "Can I reserve a table?"
      ],
      "responses": [
        "You can reserve a table online or by calling us at +88-123-123456. Would you like to book now?"
      ]
    },
    {
      "tag": "reservation_details",
      "patterns": [
        "What do I need to book a table?",
        "What’s required for a reservation?",
        "How do I reserve a table?"
      ],
      "responses": [
        "You’ll need to provide your name, phone number, party size, and preferred time for the reservation."
      ]
    },
    {
      "tag": "reservation_hours",
      "patterns": [
        "What are your booking hours?",
        "When can I make a reservation?",
        "What time can I book a table?"
      ],
      "responses": [
        "We accept reservations between 9:30 AM and 2:30 PM daily."
      ]
    },
    {
      "tag": "reservation_confirmation",
      "patterns": [
        "Has my reservation been confirmed?",
        "Is my booking confirmed?",
        "Can you confirm my reservation?"
      ],
      "responses": [
        "You will receive a confirmation email or SMS once your reservation is confirmed."
      ]
    },
    {
      "tag": "testimonials",
      "patterns": [
        "What do people say about DINE 24?",
        "Do you have any reviews?",
        "Can I see some testimonials?"
      ],
      "responses": [
        "Sam Johnson says: 'The food was extraordinary. I really enjoyed the dinner!'"
      ]
    },
    {
      "tag": "leave_review",
      "patterns": [
        "I want to leave a review for my experience.",
        "How can I leave feedback?",
        "I would like to submit a review."
      ],
      "responses": [
        "We’d love to hear your feedback! Please share your review, and we'll make sure it’s passed on to our chefs and staff."
      ]
    },
    {
      "tag": "about_restaurant",
      "patterns": [
        "Tell me more about DINE 24.",
        "What is DINE 24 about?",
        "Can you tell me about the restaurant?"
      ],
      "responses": [
        "DINE 24 is all about bringing you amazing food made from the finest seasonal ingredients. Every dish tells a unique story of flavors, culture, and passion."
      ]
    },
    {
      "tag": "about_chefs",
      "patterns": [
        "Who are the chefs at DINE 24?",
        "Tell me about your chefs.",
        "Who prepares the food?"
      ],
      "responses": [
        "Our chefs are experienced culinary artists who craft each dish with care and passion, using traditional methods and fresh ingredients."
      ]
    },
    {
      "tag": "restaurant_name",
      "patterns": [
        "What's the name of your restaurant?",
        "What is your restaurant called?",
        "Can you tell me the name of your restaurant?"
      ],
      "responses": [
        "Our restaurant is called *DINE 24*."
      ]
    },
    {
      "tag": "greetings",
      "patterns": [
        "Hello!",
        "Hi there!",
        "Good morning!",
        "Good evening!"
      ],
      "responses": [
        "Hello! Welcome to DINE 24! How can I assist you today?",
        "Hi! How can I help you with your DINE 24 experience today?"
      ]
    },
    {
      "tag": "thankyou",
      "patterns": [
        "Thank you!",
        "Thanks a lot!",
        "I appreciate it!",
        "Thanks!"
      ],
      "responses": [
        "You're welcome! Enjoy your meal at DINE 24!",
        "Thank you! We’re glad to help. Have a great day!"
      ]
    }
  ]
}